Model,Split,Threshold,Accuracy,BalancedAcc,F1_binary,F1_macro,Precision_UP,Recall_UP,Precision_DOWN,Recall_DOWN,AUC,MCC,LogLoss,Brier,TP,FP,TN,FN,PosRate,TargetUpRate,Coverage,N,Experiment,ModelType,Scheme,FeatureSet,FeatureCount,ThresholdMode,Margin
BASE_LogReg,val,0.5925,0.5192307692307693,0.5187026515151515,0.5387453874538746,0.5183686776626802,0.5251798561151079,0.553030303030303,0.512396694214876,0.484375,0.492483428030303,0.0374908289042331,0.7299514053329499,0.2666116180208412,73,66,62,59,0.5346153846153846,0.5076923076923077,1.0,260,baseline,LogisticRegression,uniform,all,27.0,val_f1_macro,
BASE_LogReg,test,0.5925,0.5083333333333333,0.5063096668858704,0.1413721413721413,0.3984592149729764,0.5396825396825397,0.0813397129186602,0.5057915057915058,0.9312796208530806,0.5250289122202317,0.0239552114953782,0.7006776743471749,0.2534591168520317,34,29,393,384,0.075,0.4976190476190476,1.0,840,baseline,LogisticRegression,uniform,all,27.0,val_f1_macro,
BASE_LogReg_th05,test,0.5,0.5166666666666667,0.5163382389623348,0.4794871794871795,0.5141880341880342,0.5165745856353591,0.4473684210526316,0.5167364016736402,0.5853080568720379,0.5250289122202317,0.0329922072837126,0.7006776743471749,0.2534591168520317,187,175,247,231,0.430952380952381,0.4976190476190476,1.0,840,baseline,LogisticRegression,uniform,all,27.0,fixed_0.5,
BASE_SVM_RBF,val,0.5425,0.6,0.6013257575757576,0.5666666666666667,0.5976190476190476,0.6296296296296297,0.5151515151515151,0.5789473684210527,0.6875,0.5844578598484849,0.2055929100935277,0.6876148128739386,0.2472364152985883,68,40,88,64,0.4153846153846154,0.5076923076923077,1.0,260,baseline,SVM_RBF,uniform,all,27.0,val_f1_macro,
BASE_SVM_RBF,test,0.5425,0.4916666666666666,0.4897673416630763,0.151093439363817,0.3941533466997505,0.4470588235294118,0.0909090909090909,0.4966887417218543,0.8886255924170616,0.5156125989251457,-0.0339296904024746,0.6942142566012218,0.2505271504618358,38,47,375,380,0.1011904761904761,0.4976190476190476,1.0,840,baseline,SVM_RBF,uniform,all,27.0,val_f1_macro,
BASE_SVM_RBF_th05,test,0.5,0.5107142857142857,0.510414068346221,0.4764331210191083,0.5086076219620681,0.5095367847411444,0.4473684210526316,0.5116279069767442,0.5734597156398105,0.5156125989251457,0.0209957398572562,0.6942142566012218,0.2505271504618358,187,180,242,231,0.4369047619047619,0.4976190476190476,1.0,840,baseline,SVM_RBF,uniform,all,27.0,fixed_0.5,
BASE_RandomForest,val,0.5249999999999999,0.5807692307692308,0.5802556818181819,0.5977859778597786,0.5800174869218572,0.5827338129496403,0.6136363636363636,0.5785123966942148,0.546875,0.5735085227272727,0.1608783670700637,0.6884324934471825,0.2476097877124754,81,58,70,51,0.5346153846153846,0.5076923076923077,1.0,260,baseline,RandomForest,uniform,all,27.0,val_f1_macro,
BASE_RandomForest,test,0.5249999999999999,0.5190476190476191,0.517381346515794,0.2573529411764705,0.4508595691797846,0.5555555555555556,0.1674641148325359,0.5126050420168067,0.8672985781990521,0.534898750538561,0.0486769548170141,0.6951615596291572,0.2509377023649994,70,56,366,348,0.15,0.4976190476190476,1.0,840,baseline,RandomForest,uniform,all,27.0,val_f1_macro,
BASE_RandomForest_th05,test,0.5,0.5142857142857142,0.5131635637996326,0.3625,0.4850961538461538,0.5225225225225225,0.277511961722488,0.511326860841424,0.7488151658767772,0.534898750538561,0.0298522534321794,0.6951615596291572,0.2509377023649994,116,106,316,302,0.2642857142857143,0.4976190476190476,1.0,840,baseline,RandomForest,uniform,all,27.0,fixed_0.5,
BASE_GBM,val,0.5325,0.6,0.6001420454545454,0.6,0.6,0.609375,0.5909090909090909,0.5909090909090909,0.609375,0.5807291666666666,0.2002840909090909,0.711190898918036,0.25570879766773,78,50,78,54,0.4923076923076923,0.5076923076923077,1.0,260,baseline,GBM,uniform,all,27.0,val_f1_macro,
BASE_GBM,test,0.5325,0.5321428571428571,0.5308340325177442,0.3525535420098847,0.493145363735604,0.5661375661375662,0.2559808612440191,0.522273425499232,0.8056872037914692,0.5424556112383501,0.0738385724544433,0.8167729785443406,0.2929334307483083,107,82,340,311,0.225,0.4976190476190476,1.0,840,baseline,GBM,uniform,all,27.0,val_f1_macro,
BASE_GBM_th05,test,0.5,0.5238095238095238,0.5227556180412254,0.3865030674846625,0.4986990045594519,0.5384615384615384,0.3014354066985646,0.5181518151815182,0.7440758293838863,0.5424556112383501,0.0507596661047768,0.8167729785443406,0.2929334307483083,126,108,314,292,0.2785714285714286,0.4976190476190476,1.0,840,baseline,GBM,uniform,all,27.0,fixed_0.5,
BASE_MLP,val,0.5425,0.5153846153846153,0.5140861742424243,0.5563380281690141,0.5112198615421342,0.5197368421052632,0.5984848484848485,0.5092592592592593,0.4296875,0.521957859848485,0.0285812573611329,3.368483293879057,0.4547168997250514,79,73,55,53,0.5846153846153846,0.5076923076923077,1.0,260,baseline,MLP,uniform,all,27.0,val_f1_macro,
BASE_MLP,test,0.5425,0.5261904761904762,0.5263498038504275,0.5404157043879908,0.5257361077222509,0.5223214285714286,0.5598086124401914,0.5306122448979592,0.4928909952606635,0.5369452822059457,0.0528165109222663,3.382164044230625,0.4307879419938711,234,214,208,184,0.5333333333333333,0.4976190476190476,1.0,840,baseline,MLP,uniform,all,27.0,val_f1_macro,
BASE_MLP_th05,test,0.5,0.5238095238095238,0.523991473729563,0.5402298850574713,0.5232013622818221,0.5199115044247787,0.562200956937799,0.5283505154639175,0.485781990521327,0.5369452822059457,0.0481222813735031,3.382164044230625,0.4307879419938711,235,217,205,183,0.5380952380952381,0.4976190476190476,1.0,840,baseline,MLP,uniform,all,27.0,fixed_0.5,
BASE_XGB,val,0.5399999999999999,0.5423076923076923,0.5417850378787878,0.5608856088560885,0.5414869811348716,0.5467625899280576,0.5757575757575758,0.5371900826446281,0.5078125,0.5372869318181818,0.0837611557164196,0.7074507195523178,0.2561954727979599,76,63,65,56,0.5346153846153846,0.5076923076923077,1.0,260,baseline,XGB_small,uniform,all,27.0,val_f1_macro,
BASE_XGB,test,0.5399999999999999,0.5238095238095238,0.5220526542551985,0.2424242424242424,0.4476010101010101,0.5818181818181818,0.1531100478468899,0.5150684931506849,0.8909952606635071,0.5366164765640944,0.0653698454185753,0.7452070631877976,0.2711245353187488,64,46,376,354,0.1309523809523809,0.4976190476190476,1.0,840,baseline,XGB_small,uniform,all,27.0,val_f1_macro,
BASE_XGB_th05,test,0.5,0.525,0.5237023515272455,0.3448275862068966,0.4861392832995267,0.5497382198952879,0.2511961722488038,0.5177195685670262,0.7962085308056872,0.5366164765640944,0.0565492389937183,0.7452070631877976,0.2711245353187488,105,86,336,313,0.2273809523809523,0.4976190476190476,1.0,840,baseline,XGB_small,uniform,all,27.0,fixed_0.5,
BASE_LGBM,val,0.5549999999999999,0.6115384615384616,0.6123342803030303,0.5943775100401606,0.6108418915514456,0.6324786324786325,0.5606060606060606,0.5944055944055944,0.6640625,0.5913825757575758,0.2257736757868333,0.6895892662019195,0.2478798208879762,74,43,85,58,0.45,0.5076923076923077,1.0,260,baseline,LGBM_small,uniform,all,27.0,val_f1_macro,
BASE_LGBM,test,0.5549999999999999,0.5214285714285715,0.5195469285017801,0.2055335968379446,0.4315572583849008,0.5909090909090909,0.124401913875598,0.5132978723404256,0.914691943127962,0.5448989773010726,0.0638267351511249,0.7422866671463951,0.2704397767775494,52,36,386,366,0.1047619047619047,0.4976190476190476,1.0,840,baseline,LGBM_small,uniform,all,27.0,val_f1_macro,
BASE_LGBM_th05,test,0.5,0.5297619047619048,0.5283509830154879,0.3293718166383701,0.4836593272009449,0.5672514619883041,0.2320574162679425,0.5201793721973094,0.8246445497630331,0.5448989773010726,0.0704095177518816,0.7422866671463951,0.2704397767775494,97,74,348,321,0.2035714285714285,0.4976190476190476,1.0,840,baseline,LGBM_small,uniform,all,27.0,fixed_0.5,
FS_GBM,val,0.4624999999999999,0.5846153846153846,0.5835700757575757,0.6142857142857143,0.5821428571428572,0.581081081081081,0.6515151515151515,0.5892857142857143,0.515625,0.5816169507575757,0.168745761400863,0.7144044741692962,0.2563720224859203,86,62,66,46,0.5692307692307692,0.5076923076923077,1.0,260,feature_selection,GBM,uniform,SPEARMAN_TOP_25,25.0,val_f1_macro,
FS_GBM,test,0.4624999999999999,0.5202380952380953,0.5193485113041112,0.408223201174743,0.5024098988856698,0.5285171102661597,0.3325358851674641,0.5164644714038128,0.7061611374407583,0.5301140615433456,0.0417211371230043,0.8484168538468703,0.300501655997877,139,124,298,279,0.3130952380952381,0.4976190476190476,1.0,840,feature_selection,GBM,uniform,SPEARMAN_TOP_25,25.0,val_f1_macro,
FS_GBM_th05,test,0.5,0.5023809523809524,0.5012358556883376,0.3427672955974842,0.4711920769175161,0.5,0.2607655502392344,0.5032154340836013,0.7417061611374408,0.5301140615433456,0.002819153242622,0.8484168538468703,0.300501655997877,109,109,313,309,0.2595238095238095,0.4976190476190476,1.0,840,feature_selection,GBM,uniform,SPEARMAN_TOP_25,25.0,fixed_0.5,
FS_XGB,val,0.52,0.5923076923076923,0.592092803030303,0.6015037593984962,0.5920904623764134,0.5970149253731343,0.6060606060606061,0.5873015873015873,0.578125,0.5911458333333334,0.184251047741854,0.6969665949473067,0.2494885224688459,80,54,74,52,0.5153846153846153,0.5076923076923077,1.0,260,feature_selection,XGB,uniform,SPEARMAN_TOP_25,25.0,val_f1_macro,
FS_XGB,test,0.52,0.5238095238095238,0.5225061792784417,0.3421052631578947,0.4844854673998429,0.5473684210526316,0.2488038277511961,0.5169230769230769,0.7962085308056872,0.5407832377151409,0.0537950923323097,0.7911153815951877,0.2853445446021287,104,86,336,314,0.2261904761904762,0.4976190476190476,1.0,840,feature_selection,XGB,uniform,SPEARMAN_TOP_25,25.0,val_f1_macro,
FS_XGB_th05,test,0.5,0.5226190476190476,0.5214460645366108,0.3645007923930269,0.4911159824691541,0.539906103286385,0.2751196172248804,0.5167464114832536,0.7677725118483413,0.5407832377151409,0.0492944923477454,0.7911153815951877,0.2853445446021287,115,98,324,303,0.2535714285714285,0.4976190476190476,1.0,840,feature_selection,XGB,uniform,SPEARMAN_TOP_25,25.0,fixed_0.5,
FS_LGBM,val,0.4999999999999999,0.6038461538461538,0.603811553030303,0.6083650190114068,0.6037934044473376,0.6106870229007634,0.6060606060606061,0.5968992248062015,0.6015625,0.613577178030303,0.2076046760658016,0.6902796082690048,0.2460986686658276,80,51,77,52,0.5038461538461538,0.5076923076923077,1.0,260,feature_selection,LGBM,uniform,SPEARMAN_TOP_25,25.0,val_f1_macro,
FS_LGBM,test,0.4999999999999999,0.5107142857142857,0.5093369464160185,0.3092436974789916,0.4652209270805096,0.519774011299435,0.2200956937799043,0.5082956259426847,0.7985781990521327,0.5311288237828522,0.0228947460718283,0.7913823149479592,0.2874112300763508,92,85,337,326,0.2107142857142857,0.4976190476190476,1.0,840,feature_selection,LGBM,uniform,SPEARMAN_TOP_25,25.0,val_f1_macro,
FS_LGBM_th05,test,0.5,0.5107142857142857,0.5093369464160185,0.3092436974789916,0.4652209270805096,0.519774011299435,0.2200956937799043,0.5082956259426847,0.7985781990521327,0.5311288237828522,0.0228947460718283,0.7913823149479592,0.2874112300763508,92,85,337,326,0.2107142857142857,0.4976190476190476,1.0,840,feature_selection,LGBM,uniform,SPEARMAN_TOP_25,25.0,fixed_0.5,
FS_LGBM_small,val,0.5249999999999999,0.6,0.6002604166666667,0.5968992248062015,0.5999763299603527,0.6111111111111112,0.5833333333333334,0.5895522388059702,0.6171875,0.5922111742424242,0.2005920789683166,0.6870372058141277,0.2465045119483247,77,49,79,55,0.4846153846153846,0.5076923076923077,1.0,260,feature_selection,LGBM_small,uniform,SPEARMAN_TOP_25,25.0,val_f1_macro,
FS_LGBM_small,test,0.5249999999999999,0.5202380952380953,0.5185661806390168,0.2578268876611418,0.4516926874541417,0.56,0.1674641148325359,0.5132867132867133,0.8696682464454977,0.5329372548130343,0.0521661644616689,0.7382905536203352,0.2691505355068683,70,55,367,348,0.1488095238095238,0.4976190476190476,1.0,840,feature_selection,LGBM_small,uniform,SPEARMAN_TOP_25,25.0,val_f1_macro,
FS_LGBM_small_th05,test,0.5,0.530952380952381,0.5296038458921971,0.3433333333333333,0.4892592592592593,0.5659340659340659,0.2464114832535885,0.5212765957446809,0.8127962085308057,0.5329372548130343,0.0718577899534095,0.7382905536203352,0.2691505355068683,103,79,343,315,0.2166666666666666,0.4976190476190476,1.0,840,feature_selection,LGBM_small,uniform,SPEARMAN_TOP_25,25.0,fixed_0.5,
GBM_exp100,val,0.6399999999999999,0.5769230769230769,0.5771780303030303,0.5736434108527132,0.5768980413042192,0.5873015873015873,0.5606060606060606,0.5671641791044776,0.59375,0.5484138257575758,0.1544109037630961,0.8301684535708369,0.2922673107853599,74,52,76,58,0.4846153846153846,0.5076923076923077,1.0,260,weight_decay,GBM,exp_hl100,all,27.0,val_f1_macro,
GBM_exp100,test,0.6399999999999999,0.5142857142857142,0.5131295494228894,0.3564668769716088,0.4832047577974679,0.5231481481481481,0.2703349282296651,0.5112179487179487,0.7559241706161137,0.5102780108392481,0.0300403517714165,0.8214580095438496,0.2946727549191533,113,103,319,305,0.2571428571428571,0.4976190476190476,1.0,840,weight_decay,GBM,exp_hl100,all,27.0,val_f1_macro,
GBM_exp100_th05,test,0.5,0.5261904761904762,0.5260323363341572,0.508641975308642,0.525585355470413,0.5255102040816326,0.492822966507177,0.5267857142857143,0.5592417061611374,0.5102780108392481,0.0521801674171788,0.8214580095438496,0.2946727549191533,206,186,236,212,0.4666666666666667,0.4976190476190476,1.0,840,weight_decay,GBM,exp_hl100,all,27.0,fixed_0.5,
GBM_exp100,test_selective,0.5,0.5152284263959391,0.5148949877593094,0.496042216358839,0.5145247756610821,0.5108695652173914,0.482051282051282,0.5190476190476191,0.5477386934673367,0.5085878108491173,0.0298535121357716,0.8303254106097994,0.2978207560174943,188,180,218,202,0.467005076142132,0.4949238578680203,0.938095238095238,788,weight_decay,GBM,exp_hl100,all,27.0,selective_fixed_0.5,0.02
GBM_exp100,test_selective,0.5,0.5155615696887687,0.5148690439549165,0.4943502824858757,0.5147076087754053,0.5043227665706052,0.484764542936288,0.5255102040816326,0.544973544973545,0.5069325360184086,0.0297854914995156,0.8392972590534831,0.3009298444074622,175,172,206,186,0.469553450608931,0.4884979702300406,0.8797619047619047,739,weight_decay,GBM,exp_hl100,all,27.0,selective_fixed_0.5,0.04
GBM_exp100,test_selective,0.5,0.5125184094256259,0.5120293704108734,0.4946564885496183,0.5119086141183369,0.5031055900621118,0.4864864864864865,0.5210084033613446,0.5375722543352601,0.5060754396014512,0.0240863512793498,0.852566034847638,0.3056073421734892,162,160,186,171,0.4742268041237113,0.4904270986745213,0.8083333333333333,679,weight_decay,GBM,exp_hl100,all,27.0,selective_fixed_0.5,0.06
GBM_exp100,test_selective,0.5,0.5104333868378812,0.5100296870490248,0.4925124792013311,0.5098221310735338,0.5034013605442177,0.4820846905537459,0.5167173252279635,0.5379746835443038,0.5053498536263555,0.0200890080458267,0.866924299115592,0.3106213768992438,148,146,170,159,0.4719101123595505,0.492776886035313,0.7416666666666667,623,weight_decay,GBM,exp_hl100,all,27.0,selective_fixed_0.5,0.08
GBM_exp100,test_selective,0.5,0.5086805555555556,0.5086805555555556,0.4919210053859964,0.5081453766425781,0.5092936802973977,0.4756944444444444,0.50814332247557,0.5416666666666666,0.5058232060185185,0.0173990155637106,0.8806757376191571,0.3153602702996134,137,132,156,151,0.4670138888888889,0.5,0.6857142857142857,576,weight_decay,GBM,exp_hl100,all,27.0,selective_fixed_0.5,0.1
GBM_exp100,test_selective,0.5,0.5141776937618148,0.5145452726077137,0.49706457925636,0.5136145565386006,0.5204918032786885,0.4756554307116105,0.5087719298245614,0.5534351145038168,0.5049746976584613,0.0291770106592894,0.8932747789377172,0.3191748273044626,127,117,145,140,0.4612476370510397,0.504725897920605,0.6297619047619047,529,weight_decay,GBM,exp_hl100,all,27.0,selective_fixed_0.5,0.12
GBM_exp100,test_selective,0.5,0.5190156599552572,0.5200372506608988,0.4988344988344988,0.5182344537183247,0.5323383084577115,0.4692982456140351,0.508130081300813,0.5707762557077626,0.5016622606745174,0.0402709639674668,0.92155667922727,0.327805799469909,107,94,125,121,0.4496644295302013,0.5100671140939598,0.5321428571428571,447,weight_decay,GBM,exp_hl100,all,27.0,selective_fixed_0.5,0.15
GBM_exp100,test_selective,0.5,0.5239520958083832,0.5248206599713056,0.5046728971962616,0.5232298203560559,0.5364238410596026,0.4764705882352941,0.5136612021857924,0.573170731707317,0.4808464849354376,0.0498626880150295,0.9793800159949978,0.3449895543706807,81,70,94,89,0.4520958083832335,0.5089820359281437,0.3976190476190476,334,weight_decay,GBM,exp_hl100,all,27.0,selective_fixed_0.5,0.2
GBM_exp250,val,0.5525,0.5692307692307692,0.5683001893939394,0.5971223021582733,0.5671561924014508,0.5684931506849316,0.6287878787878788,0.5701754385964912,0.5078125,0.5513139204545454,0.1376305991479479,0.8089974537293916,0.2863982329149135,83,63,65,49,0.5615384615384615,0.5076923076923077,1.0,260,weight_decay,GBM,exp_hl250,all,27.0,val_f1_macro,
GBM_exp250,test,0.5525,0.5071428571428571,0.5057824440463502,0.3076923076923077,0.4625337693729561,0.5111111111111111,0.2200956937799043,0.5060606060606061,0.7914691943127962,0.5314349531735414,0.0140921604961912,0.7764990491146699,0.2828234095029864,92,88,334,326,0.2142857142857142,0.4976190476190476,1.0,840,weight_decay,GBM,exp_hl250,all,27.0,val_f1_macro,
GBM_exp250_th05,test,0.5,0.5142857142857142,0.513208916301957,0.3703703703703703,0.487510766580534,0.5217391304347826,0.2870813397129186,0.5114754098360655,0.7393364928909952,0.5314349531735414,0.0296218865856181,0.7764990491146699,0.2828234095029864,120,110,312,298,0.2738095238095238,0.4976190476190476,1.0,840,weight_decay,GBM,exp_hl250,all,27.0,fixed_0.5,
GBM_exp250,test_selective,0.5,0.5120101137800253,0.5093574168797954,0.3588039867109635,0.4824632178452777,0.5118483412322274,0.2762148337595907,0.5120689655172413,0.7425,0.5308823529411766,0.0211567582534151,0.7816658087763855,0.2848584211948136,108,103,297,283,0.2667509481668774,0.4943109987357775,0.9416666666666668,791,weight_decay,GBM,exp_hl250,all,27.0,selective_fixed_0.5,0.02
GBM_exp250,test_selective,0.5,0.5166444740346205,0.5125108188254658,0.3575221238938053,0.4850577535157394,0.5153061224489796,0.2737127371273712,0.5171171171171172,0.7513089005235603,0.5300444103917479,0.0284830221692189,0.7858983830623507,0.2864742572116753,101,95,287,268,0.2609853528628495,0.4913448735019973,0.8940476190476191,751,weight_decay,GBM,exp_hl250,all,27.0,selective_fixed_0.5,0.04
GBM_exp250,test_selective,0.5,0.5072674418604651,0.4997885584762678,0.3233532934131736,0.4679623609923011,0.4850299401197604,0.2425149700598802,0.5143953934740882,0.7570621468926554,0.5282401299096722,-0.00049296722113,0.7961138674112793,0.290672807194356,81,86,268,253,0.2427325581395348,0.4854651162790697,0.819047619047619,688,weight_decay,GBM,exp_hl250,all,27.0,selective_fixed_0.5,0.06
GBM_exp250,test_selective,0.5,0.5142405063291139,0.5065848158356301,0.3222958057395143,0.4718753997871431,0.5,0.2377850162866449,0.5185185185185185,0.7753846153846153,0.5327186168879979,0.0156167239838034,0.8028060878676107,0.2930692671052452,73,73,252,234,0.2310126582278481,0.485759493670886,0.7523809523809524,632,weight_decay,GBM,exp_hl250,all,27.0,selective_fixed_0.5,0.08
GBM_exp250,test_selective,0.5,0.524701873935264,0.5119939506747324,0.3211678832116788,0.4777530110684869,0.5038167938931297,0.2357142857142857,0.5307017543859649,0.7882736156351792,0.5262680316426245,0.0287754675174125,0.8065071390472535,0.2940481982833292,66,65,242,214,0.2231686541737649,0.4770017035775127,0.6988095238095238,587,weight_decay,GBM,exp_hl250,all,27.0,selective_fixed_0.5,0.1
GBM_exp250,test_selective,0.5,0.5223880597014925,0.5048066174826739,0.292817679558011,0.4661271496381605,0.4818181818181818,0.2103174603174603,0.5328638497652582,0.7992957746478874,0.5214201877934272,0.0118803122593753,0.8169064171840074,0.2980605961738279,53,57,227,199,0.2052238805970149,0.4701492537313433,0.638095238095238,536,weight_decay,GBM,exp_hl250,all,27.0,selective_fixed_0.5,0.12
GBM_exp250,test_selective,0.5,0.5309168443496801,0.5047976561069402,0.271523178807947,0.4628056145612061,0.4712643678160919,0.1906976744186046,0.5445026178010471,0.8188976377952756,0.5094671305621682,0.0122999654336184,0.8265385685733931,0.3010300856463259,41,46,208,174,0.185501066098081,0.4584221748400853,0.5583333333333333,469,weight_decay,GBM,exp_hl250,all,27.0,selective_fixed_0.5,0.15
GBM_exp250,test_selective,0.5,0.5470588235294118,0.5195085447774181,0.2450980392156862,0.4607843137254902,0.5319148936170213,0.1592356687898089,0.5494880546075085,0.8797814207650273,0.5143573143990811,0.0563569527290482,0.8498980013403391,0.3075762377046457,25,22,161,132,0.138235294117647,0.4617647058823529,0.4047619047619047,340,weight_decay,GBM,exp_hl250,all,27.0,selective_fixed_0.5,0.2
XGB_step50_3,val,0.495,0.5846153846153846,0.5812026515151515,0.6625,0.56125,0.5638297872340425,0.803030303030303,0.6388888888888888,0.359375,0.5761126893939394,0.1814458266966935,0.754898667343901,0.2694980240866252,106,82,46,26,0.7230769230769231,0.5076923076923077,1.0,260,weight_decay,XGB,step_50pct_3x,all,27.0,val_f1_macro,
XGB_step50_3,test,0.495,0.5357142857142857,0.5345359305199664,0.3809523809523809,0.5047619047619047,0.5660377358490566,0.2870813397129186,0.5254777070063694,0.7819905213270142,0.5462822286219643,0.0795056095625831,0.8095315550410401,0.2915399104717822,120,92,330,298,0.2523809523809524,0.4976190476190476,1.0,840,weight_decay,XGB,step_50pct_3x,all,27.0,val_f1_macro,
XGB_step50_3_th05,test,0.5,0.5333333333333333,0.5321209097711966,0.3717948717948718,0.5002913752913754,0.5631067961165048,0.277511961722488,0.5236593059936908,0.7867298578199052,0.5462822286219643,0.0746593080209029,0.8095315550410401,0.2915399104717822,116,90,332,302,0.2452380952380952,0.4976190476190476,1.0,840,weight_decay,XGB,step_50pct_3x,all,27.0,fixed_0.5,
XGB_step50_3,test_selective,0.5,0.5261813537675607,0.5251223331376003,0.3433628318584071,0.4863667306145182,0.5542857142857143,0.2487179487179487,0.5180921052631579,0.8015267175572519,0.5491355124942912,0.0603042236411329,0.8185440455702809,0.2948338342765516,97,78,315,293,0.2234993614303959,0.4980842911877394,0.9321428571428572,783,weight_decay,XGB,step_50pct_3x,all,27.0,selective_fixed_0.5,0.02
XGB_step50_3,test_selective,0.5,0.5273224043715847,0.5241600716738839,0.3294573643410852,0.4822392306937494,0.551948051948052,0.2348066298342541,0.5207612456747405,0.8135135135135135,0.548671046737345,0.0592732965495325,0.8270959808013244,0.2978654742626347,85,69,301,277,0.2103825136612022,0.494535519125683,0.8714285714285714,732,weight_decay,XGB,step_50pct_3x,all,27.0,selective_fixed_0.5,0.04
XGB_step50_3,test_selective,0.5,0.52,0.5158447921605817,0.2956521739130435,0.4658036150464094,0.5354330708661418,0.2042042042042042,0.5164233576642335,0.827485380116959,0.5522627891048943,0.0405377437027235,0.8398618393099961,0.3026327128799903,68,59,283,265,0.1881481481481481,0.4933333333333333,0.8035714285714286,675,weight_decay,XGB,step_50pct_3x,all,27.0,selective_fixed_0.5,0.06
XGB_step50_3,test_selective,0.5,0.521193092621664,0.5144230769230769,0.2720763723150358,0.4576756130581026,0.5327102803738317,0.1826923076923076,0.5188679245283019,0.8461538461538461,0.5521597633136095,0.0385724361910859,0.8479292788553376,0.3054340883746154,57,50,275,255,0.1679748822605965,0.4897959183673469,0.7583333333333333,637,weight_decay,XGB,step_50pct_3x,all,27.0,selective_fixed_0.5,0.08
XGB_step50_3,test_selective,0.5,0.5261382799325464,0.5147798956981167,0.2466487935656836,0.4505076686155601,0.5348837209302325,0.1602787456445993,0.52465483234714,0.869281045751634,0.5492815012183735,0.0419517248145133,0.8569579074343634,0.3083361464755519,46,40,266,241,0.1450252951096121,0.4839797639123103,0.705952380952381,593,weight_decay,XGB,step_50pct_3x,all,27.0,selective_fixed_0.5,0.1
XGB_step50_3,test_selective,0.5,0.5349264705882353,0.5194955525770684,0.2215384615384615,0.4449763080955741,0.5625,0.1379310344827586,0.53125,0.901060070671378,0.548691496419046,0.0604600372824919,0.8666280268813519,0.3110985448278728,36,28,255,225,0.1176470588235294,0.4797794117647059,0.6476190476190476,544,weight_decay,XGB,step_50pct_3x,all,27.0,selective_fixed_0.5,0.12
XGB_step50_3,test_selective,0.5,0.5292929292929293,0.5049880418045408,0.1527272727272727,0.4134265734265734,0.5,0.0901287553648068,0.5320088300220751,0.9198473282442748,0.5403957671264292,0.017869604487204,0.8850310946721945,0.3177707537740697,21,21,241,212,0.0848484848484848,0.4707070707070707,0.5892857142857143,495,weight_decay,XGB,step_50pct_3x,all,27.0,selective_fixed_0.5,0.15
XGB_step50_3,test_selective,0.5,0.5447941888619855,0.5080191798941799,0.1296296296296296,0.4107164541590771,0.5185185185185185,0.074074074074074,0.5466321243523317,0.9419642857142856,0.5287698412698412,0.0323250591771404,0.9032284258082224,0.321831913473913,14,13,211,175,0.0653753026634382,0.4576271186440678,0.4916666666666666,413,weight_decay,XGB,step_50pct_3x,all,27.0,selective_fixed_0.5,0.2
XGB_exp100,val,0.6724999999999999,0.5576923076923077,0.5572916666666667,0.5724907063197026,0.5571616878212058,0.5620437956204379,0.5833333333333334,0.5528455284552846,0.53125,0.5334990530303031,0.1147362266985012,0.8540990821527974,0.2985840328561217,77,60,68,55,0.5269230769230769,0.5076923076923077,1.0,260,weight_decay,XGB,exp_hl100,all,27.0,val_f1_macro,
XGB_exp100,test,0.6724999999999999,0.5,0.4988888636930542,0.3457943925233644,0.4705850575333585,0.4955357142857143,0.2655502392344497,0.5016233766233766,0.7322274881516587,0.4991779858953717,-0.0025126230260989,0.823966447922927,0.2973856139500458,111,113,309,307,0.2666666666666666,0.4976190476190476,1.0,840,weight_decay,XGB,exp_hl100,all,27.0,val_f1_macro,
XGB_exp100_th05,test,0.5,0.4976190476190476,0.4977323748837842,0.5081585081585082,0.4973882565123441,0.4954545454545455,0.5215311004784688,0.5,0.4739336492890995,0.4991779858953717,-0.0045403495222041,0.823966447922927,0.2973856139500458,218,222,200,200,0.5238095238095238,0.4976190476190476,1.0,840,weight_decay,XGB,exp_hl100,all,27.0,fixed_0.5,
XGB_exp100,test_selective,0.5,0.5,0.5002367112911286,0.5088161209068011,0.4998388698528783,0.4950980392156863,0.5233160621761658,0.5053763440860215,0.4771573604060913,0.49957260461324,0.0004739026985301,0.8338503316589003,0.300941112603542,202,206,188,184,0.5230769230769231,0.4948717948717949,0.9285714285714286,780,weight_decay,XGB,exp_hl100,all,27.0,selective_fixed_0.5,0.02
XGB_exp100,test_selective,0.5,0.4958791208791209,0.4959470168685611,0.5073825503355704,0.4956040740426094,0.4947643979057591,0.5206611570247934,0.4971098265895953,0.4712328767123288,0.4996037586324012,-0.0081158648399523,0.8441455767858853,0.3047022668127874,189,193,172,174,0.5247252747252747,0.4986263736263736,0.8666666666666667,728,weight_decay,XGB,exp_hl100,all,27.0,selective_fixed_0.5,0.04
XGB_exp100,test_selective,0.5,0.4931921331316187,0.4935308121966852,0.5022288261515602,0.4930250448169203,0.4870317002881844,0.5184049079754601,0.5,0.4686567164179104,0.5008607270396483,-0.0129533290180869,0.8595620497392907,0.3103021754982543,169,178,157,157,0.5249621785173979,0.4931921331316187,0.7869047619047619,661,weight_decay,XGB,exp_hl100,all,27.0,selective_fixed_0.5,0.06
XGB_exp100,test_selective,0.5,0.499184339314845,0.4993984882359203,0.5056360708534622,0.4990990271622683,0.4937106918238994,0.5181518151815182,0.5050847457627119,0.4806451612903226,0.501735334823805,-0.0012037927248671,0.8699631762752327,0.3137193392025451,157,161,149,146,0.5187601957585645,0.4942903752039151,0.7297619047619047,613,weight_decay,XGB,exp_hl100,all,27.0,selective_fixed_0.5,0.08
XGB_exp100,test_selective,0.5,0.5017064846416383,0.502085663683818,0.5084175084175084,0.5016135984994117,0.4934640522875817,0.5243055555555556,0.5107142857142857,0.4798657718120805,0.5021788777032066,0.0041748312131658,0.8763209524650535,0.3157737473917041,151,155,143,137,0.5221843003412969,0.4914675767918088,0.6976190476190476,586,weight_decay,XGB,exp_hl100,all,27.0,selective_fixed_0.5,0.1
XGB_exp100,test_selective,0.5,0.5046554934823091,0.5045776113191843,0.5128205128205128,0.5045163170163169,0.5072463768115942,0.5185185185185185,0.5019157088122606,0.4906367041198501,0.5013594118463033,0.0091586534882692,0.8894180649699525,0.3200077870127683,140,136,131,130,0.5139664804469274,0.5027932960893855,0.6392857142857142,537,weight_decay,XGB,exp_hl100,all,27.0,selective_fixed_0.5,0.12
XGB_exp100,test_selective,0.5,0.5043103448275862,0.5049164482611201,0.5127118644067796,0.5041629497472495,0.4938775510204081,0.5330396475770925,0.5159817351598174,0.4767932489451477,0.5018866521682559,0.0098460825099787,0.914611689928014,0.328296394367201,121,124,113,106,0.5280172413793104,0.4892241379310345,0.5523809523809524,464,weight_decay,XGB,exp_hl100,all,27.0,selective_fixed_0.5,0.15
XGB_exp100,test_selective,0.5,0.4970930232558139,0.5004742547425474,0.5207756232686981,0.495861817750557,0.4771573604060913,0.573170731707317,0.5238095238095238,0.4277777777777777,0.5024390243902439,0.0009576527812832,0.975644848198638,0.3480798979362743,94,103,77,70,0.5726744186046512,0.4767441860465116,0.4095238095238095,344,weight_decay,XGB,exp_hl100,all,27.0,selective_fixed_0.5,0.2
XGB_linear03,val,0.5149999999999999,0.5923076923076923,0.5909090909090908,0.6293706293706294,0.5881895881895882,0.5844155844155844,0.6818181818181818,0.6037735849056604,0.5,0.5928622159090909,0.184976248756057,0.7125596654809531,0.2546258182469937,90,64,64,42,0.5923076923076923,0.5076923076923077,1.0,260,weight_decay,XGB,linear_03,all,27.0,val_f1_macro,
XGB_linear03,test,0.5149999999999999,0.5285714285714286,0.5272341776457516,0.3421926910299003,0.4874228761271951,0.5597826086956522,0.2464114832535885,0.5198170731707317,0.8080568720379147,0.5595591736774077,0.0658457572892044,0.7810552959000407,0.2830219074952138,103,81,341,315,0.219047619047619,0.4976190476190476,1.0,840,weight_decay,XGB,linear_03,all,27.0,val_f1_macro,
XGB_linear03_th05,test,0.5,0.5261904761904762,0.5249438762783737,0.3559870550161812,0.4906112299563015,0.55,0.2631578947368421,0.51875,0.7867298578199052,0.5595591736774077,0.0585643491236467,0.7810552959000407,0.2830219074952138,110,90,332,308,0.238095238095238,0.4976190476190476,1.0,840,weight_decay,XGB,linear_03,all,27.0,fixed_0.5,
XGB_linear03,test_selective,0.5,0.5252525252525253,0.5245544112489239,0.3426573426573426,0.485557920340529,0.5536723163841808,0.2481012658227848,0.5170731707317073,0.801007556675063,0.5648503013104613,0.058942578576933,0.7866623150052845,0.2851628034286283,98,79,318,297,0.2234848484848484,0.4987373737373737,0.9428571428571428,792,weight_decay,XGB,linear_03,all,27.0,selective_fixed_0.5,0.02
XGB_linear03,test_selective,0.5,0.5266666666666666,0.5235262323179881,0.3238095238095238,0.4798534798534798,0.551948051948052,0.22911051212938,0.5201342281879194,0.8179419525065963,0.5646864709940331,0.0582378651478429,0.79176296746889,0.2870640156273954,85,69,310,286,0.2053333333333333,0.4946666666666666,0.8928571428571429,750,weight_decay,XGB,linear_03,all,27.0,selective_fixed_0.5,0.04
XGB_linear03,test_selective,0.5,0.5286343612334802,0.5224896029267114,0.2945054945054945,0.4702957461502114,0.5537190082644629,0.2005988023952095,0.5232142857142857,0.8443804034582133,0.5680339608966505,0.0588251516517554,0.8013237937990123,0.2906053319939827,67,54,293,267,0.1776798825256975,0.4904552129221732,0.8107142857142857,681,weight_decay,XGB,linear_03,all,27.0,selective_fixed_0.5,0.06
XGB_linear03,test_selective,0.5,0.5287539936102237,0.5242871581268568,0.2679900744416873,0.4602612327449897,0.574468085106383,0.174757281553398,0.5206766917293233,0.8738170347003155,0.5804926852674241,0.0679822953415563,0.8107813958067469,0.2941501912963759,54,40,277,255,0.1501597444089457,0.4936102236421725,0.7452380952380953,626,weight_decay,XGB,linear_03,all,27.0,selective_fixed_0.5,0.08
XGB_linear03,test_selective,0.5,0.5362068965517242,0.5312425669568527,0.2670299727520436,0.4639059069308767,0.6049382716049383,0.1713286713286713,0.5250501002004008,0.891156462585034,0.5885305171019457,0.0901240301999479,0.8168470671843433,0.2960423442569846,49,32,262,237,0.1396551724137931,0.493103448275862,0.6904761904761905,580,weight_decay,XGB,linear_03,all,27.0,selective_fixed_0.5,0.1
XGB_linear03,test_selective,0.5,0.5427509293680297,0.5300359712230216,0.2407407407407407,0.4568065405831363,0.609375,0.15,0.5337552742616034,0.9100719424460432,0.5827338129496403,0.0927260135977462,0.8225920697037243,0.2977261659076973,39,25,253,221,0.1189591078066914,0.483271375464684,0.6404761904761904,538,weight_decay,XGB,linear_03,all,27.0,selective_fixed_0.5,0.12
XGB_linear03,test_selective,0.5,0.5399159663865546,0.5229202037351443,0.1978021978021978,0.4376345304180355,0.6,0.1184210526315789,0.5336426914153132,0.9274193548387096,0.5903013582342954,0.0782702716866627,0.8392067070031067,0.3038541894033961,27,18,230,201,0.0945378151260504,0.4789915966386555,0.5666666666666667,476,weight_decay,XGB,linear_03,all,27.0,selective_fixed_0.5,0.15
XGB_linear03,test_selective,0.5,0.5606060606060606,0.5212962962962963,0.1553398058252427,0.4292057390900957,0.6153846153846154,0.0888888888888888,0.5567567567567567,0.9537037037037036,0.5740997942386832,0.085626790970743,0.8455892157962386,0.3038344353012187,16,10,206,164,0.0656565656565656,0.4545454545454545,0.4714285714285714,396,weight_decay,XGB,linear_03,all,27.0,selective_fixed_0.5,0.2
LGBM_exp100,val,0.58,0.5769230769230769,0.5749289772727273,0.6283783783783784,0.5686534749034748,0.5670731707317073,0.7045454545454546,0.59375,0.4453125,0.5419034090909091,0.1552437805819224,0.8640846808397445,0.2992783680597627,93,71,57,39,0.6307692307692307,0.5076923076923077,1.0,260,weight_decay,LGBM,exp_hl100,all,27.0,val_f1_macro,
LGBM_exp100,test,0.58,0.5202380952380953,0.5197113313227057,0.4590604026845638,0.5140221799519076,0.5229357798165137,0.4090909090909091,0.5185185185185185,0.6303317535545023,0.5233792149481847,0.0404257197643309,0.811267707129086,0.2904569017706411,171,156,266,247,0.3892857142857143,0.4976190476190476,1.0,840,weight_decay,LGBM,exp_hl100,all,27.0,val_f1_macro,
LGBM_exp100_th05,test,0.5,0.5345238095238095,0.5346776570897299,0.5479768786127167,0.5341111386928614,0.5302013422818792,0.5669856459330144,0.539440203562341,0.5023696682464455,0.5233792149481847,0.0694982826548192,0.811267707129086,0.2904569017706411,237,210,212,181,0.5321428571428571,0.4976190476190476,1.0,840,weight_decay,LGBM,exp_hl100,all,27.0,fixed_0.5,
LGBM_exp100,test_selective,0.5,0.5342639593908629,0.5339953745160313,0.5518925518925519,0.5335420487335943,0.5355450236966824,0.5692695214105793,0.5327868852459017,0.4987212276214833,0.5211335656812282,0.0681611155410252,0.8190910640658026,0.293140939844427,226,196,195,171,0.5355329949238579,0.5038071065989848,0.938095238095238,788,weight_decay,LGBM,exp_hl100,all,27.0,selective_fixed_0.5,0.02
LGBM_exp100,test_selective,0.5,0.5332428765264586,0.5328086792564004,0.5520833333333334,0.5324156043437205,0.5367088607594936,0.5683646112600537,0.5292397660818714,0.4972527472527472,0.5189066965206376,0.0657827841526699,0.8281840831435371,0.2963148202350528,212,183,181,161,0.5359565807327001,0.5061058344640434,0.8773809523809524,737,weight_decay,LGBM,exp_hl100,all,27.0,selective_fixed_0.5,0.04
LGBM_exp100,test_selective,0.5,0.5180375180375181,0.5179160419790105,0.5322128851540616,0.5175945378151261,0.5191256830601093,0.5459770114942529,0.5168195718654435,0.4898550724637681,0.518615692153923,0.0358886248327359,0.8398948961850883,0.3008188211921459,190,176,169,158,0.5281385281385281,0.5021645021645021,0.825,693,weight_decay,LGBM,exp_hl100,all,27.0,selective_fixed_0.5,0.06
LGBM_exp100,test_selective,0.5,0.5245641838351822,0.5245931283905967,0.5327102803738317,0.5244196563159481,0.5229357798165137,0.5428571428571428,0.5263157894736842,0.5063291139240507,0.5183242917420132,0.049218902202146,0.8519814434109192,0.3046556492504357,171,156,160,144,0.5182250396196514,0.4992076069730586,0.7511904761904762,631,weight_decay,LGBM,exp_hl100,all,27.0,selective_fixed_0.5,0.08
LGBM_exp100,test_selective,0.5,0.5249110320284698,0.5243055555555556,0.5420240137221269,0.5242467573231706,0.535593220338983,0.5486111111111112,0.5131086142322098,0.5,0.5153588807785888,0.048656451696103,0.8704650789655405,0.3108678905614941,158,137,137,130,0.5249110320284698,0.5124555160142349,0.669047619047619,562,weight_decay,LGBM,exp_hl100,all,27.0,selective_fixed_0.5,0.1
LGBM_exp100,test_selective,0.5,0.5192307692307693,0.5181828950485667,0.5421245421245421,0.5180258338153074,0.5323741007194245,0.5522388059701493,0.5041322314049587,0.4841269841269841,0.5140665719023928,0.0364359933479458,0.8861409336015363,0.3164598904182,148,130,122,120,0.5346153846153846,0.5153846153846153,0.6190476190476191,520,weight_decay,LGBM,exp_hl100,all,27.0,selective_fixed_0.5,0.12
LGBM_exp100,test_selective,0.5,0.5193965517241379,0.518461366847624,0.5420944558521561,0.5182127608058966,0.5301204819277109,0.5546218487394958,0.5069767441860465,0.4823008849557522,0.5133487023127836,0.0370098770685699,0.9059838215804374,0.3228294033032228,132,117,109,106,0.5366379310344828,0.5129310344827587,0.5523809523809524,464,weight_decay,LGBM,exp_hl100,all,27.0,selective_fixed_0.5,0.15
LGBM_exp100,test_selective,0.5,0.5260115606936416,0.5253568682512619,0.5444444444444444,0.5252342704149933,0.5355191256830601,0.5536723163841808,0.5153374233128835,0.4970414201183432,0.5116170226991609,0.0507850925489752,0.9546357049975394,0.3365170123878684,98,85,84,79,0.5289017341040463,0.5115606936416185,0.4119047619047619,346,weight_decay,LGBM,exp_hl100,all,27.0,selective_fixed_0.5,0.2
LGBM_step50_3,val,0.4674999999999999,0.573076923076923,0.5705492424242424,0.6360655737704918,0.559893252001525,0.5606936416184971,0.7348484848484849,0.5977011494252874,0.40625,0.5547466856060606,0.149496705730161,0.7572804166646233,0.2725344205980739,97,76,52,35,0.6653846153846154,0.5076923076923077,1.0,260,weight_decay,LGBM,step_50pct_3x,all,27.0,val_f1_macro,
LGBM_step50_3,test,0.4674999999999999,0.5285714285714286,0.5275289689108597,0.3944954128440367,0.5042652502816675,0.5466101694915254,0.3086124401913875,0.5215231788079471,0.7464454976303317,0.5580058504727998,0.0612477073387886,0.8060497827441313,0.2905123968430052,129,107,315,289,0.2809523809523809,0.4976190476190476,1.0,840,weight_decay,LGBM,step_50pct_3x,all,27.0,val_f1_macro,
LGBM_step50_3_th05,test,0.5,0.5190476190476191,0.5177781809111318,0.3420195439739413,0.4815163385910982,0.5357142857142857,0.2511961722488038,0.5139751552795031,0.7843601895734598,0.5580058504727998,0.0420330315671041,0.8060497827441313,0.2905123968430052,105,91,331,313,0.2333333333333333,0.4976190476190476,1.0,840,weight_decay,LGBM,step_50pct_3x,all,27.0,fixed_0.5,
LGBM_step50_3,test_selective,0.5,0.5225,0.5177148001575482,0.3344947735191638,0.481087542705001,0.5303867403314917,0.2442748091603053,0.5201938610662359,0.7911547911547911,0.5550074710380053,0.0423326173442972,0.8115661897656341,0.292473680759778,96,85,322,297,0.22625,0.49125,0.9523809523809524,800,weight_decay,LGBM,step_50pct_3x,all,27.0,selective_fixed_0.5,0.02
LGBM_step50_3,test_selective,0.5,0.5245683930942895,0.5195187354456283,0.3193916349809886,0.4770427562660044,0.5384615384615384,0.227027027027027,0.5209380234505863,0.8120104438642297,0.5599675393409075,0.048154009896352,0.8187009681599374,0.294996768793014,84,72,311,286,0.2071713147410358,0.4913678618857902,0.8964285714285715,753,weight_decay,LGBM,step_50pct_3x,all,27.0,selective_fixed_0.5,0.04
LGBM_step50_3,test_selective,0.5,0.5253521126760563,0.5200969925945915,0.3022774327122153,0.4713094740935676,0.5447761194029851,0.2091690544412607,0.5208333333333334,0.8310249307479224,0.5649937692973196,0.0513527542742742,0.8262758358837707,0.2977073874744077,73,61,300,276,0.1887323943661971,0.4915492957746479,0.8452380952380952,710,weight_decay,LGBM,step_50pct_3x,all,27.0,selective_fixed_0.5,0.06
LGBM_step50_3,test_selective,0.5,0.5354449472096531,0.528105539167486,0.3,0.4761851015801354,0.5689655172413793,0.2037037037037037,0.5283363802559415,0.8525073746312685,0.5670818310936305,0.0739556933735552,0.8326781981325907,0.2995831181569703,66,50,289,258,0.1749622926093514,0.4886877828054298,0.7892857142857143,663,weight_decay,LGBM,step_50pct_3x,all,27.0,selective_fixed_0.5,0.08
LGBM_step50_3,test_selective,0.5,0.533011272141707,0.5234850214868484,0.2676767676767677,0.4624435847840102,0.5638297872340425,0.1754966887417218,0.5275142314990512,0.8714733542319749,0.569173119641263,0.0655013930026192,0.8428959182304777,0.3033243152236825,53,41,278,249,0.1513687600644122,0.4863123993558776,0.7392857142857143,621,weight_decay,LGBM,step_50pct_3x,all,27.0,selective_fixed_0.5,0.1
LGBM_step50_3,test_selective,0.5,0.5325131810193322,0.5147415735902325,0.2222222222222222,0.4440256839754327,0.5352112676056338,0.1402214022140221,0.5321285140562249,0.889261744966443,0.5629039847445454,0.0445577007243076,0.8558808933969322,0.3078628037287249,38,33,265,233,0.1247803163444639,0.4762741652021089,0.6773809523809524,569,weight_decay,LGBM,step_50pct_3x,all,27.0,selective_fixed_0.5,0.12
LGBM_step50_3,test_selective,0.5,0.5405405405405406,0.5112859712230216,0.184931506849315,0.4325195168655177,0.5192307692307693,0.1125,0.5429184549356223,0.9100719424460432,0.5513489208633093,0.0374543550331603,0.8654241880409318,0.3104264082909533,27,25,253,213,0.1003861003861003,0.4633204633204633,0.6166666666666667,518,weight_decay,LGBM,step_50pct_3x,all,27.0,selective_fixed_0.5,0.15
LGBM_step50_3,test_selective,0.5,0.5496535796766744,0.5145599793840999,0.1409691629955947,0.4179024218733842,0.5714285714285714,0.0804020100502512,0.5481481481481482,0.9487179487179488,0.5608169050380105,0.0590090598443212,0.8855616053707814,0.3158819449003275,16,12,222,183,0.0646651270207852,0.4595842956120092,0.5154761904761904,433,weight_decay,LGBM,step_50pct_3x,all,27.0,selective_fixed_0.5,0.2
LGBM_linear01,val,0.5399999999999999,0.573076923076923,0.5722064393939394,0.5992779783393501,0.5712439274412799,0.5724137931034483,0.6287878787878788,0.5739130434782609,0.515625,0.570608428030303,0.1453667077245959,0.7386851274813226,0.2660382381183216,83,62,66,49,0.5576923076923077,0.5076923076923077,1.0,260,weight_decay,LGBM,linear_01,all,27.0,val_f1_macro,
LGBM_linear01,test,0.5399999999999999,0.513095238095238,0.5116499240345586,0.2984562607204116,0.4628106280812633,0.5272727272727272,0.208133971291866,0.5096296296296297,0.8151658767772512,0.5400405904895803,0.0293226756831168,0.8158423233716703,0.2942542414980937,87,78,344,331,0.1964285714285714,0.4976190476190476,1.0,840,weight_decay,LGBM,linear_01,all,27.0,val_f1_macro,
LGBM_linear01_th05,test,0.5,0.5190476190476191,0.5177781809111318,0.3420195439739413,0.4815163385910982,0.5357142857142857,0.2511961722488038,0.5139751552795031,0.7843601895734598,0.5400405904895803,0.0420330315671041,0.8158423233716703,0.2942542414980937,105,91,331,313,0.2333333333333333,0.4976190476190476,1.0,840,weight_decay,LGBM,linear_01,all,27.0,fixed_0.5,
LGBM_linear01,test_selective,0.5,0.51375,0.5123815595389885,0.3281519861830743,0.4735764828075018,0.5248618784530387,0.2386934673366834,0.5105008077544426,0.7860696517412935,0.5424760619015475,0.0295920666644456,0.822201359145241,0.2965790716803356,95,86,316,303,0.22625,0.4975,0.9523809523809524,800,weight_decay,LGBM,linear_01,all,27.0,selective_fixed_0.5,0.02
LGBM_linear01,test_selective,0.5,0.5166444740346205,0.514033109200783,0.3240223463687151,0.4739282716299534,0.5272727272727272,0.2338709677419354,0.5136518771331058,0.7941952506596306,0.5439470025817801,0.0338909853095451,0.8300902130942974,0.2993530441212879,87,78,301,285,0.2197070572569907,0.4953395472703062,0.8940476190476191,751,weight_decay,LGBM,linear_01,all,27.0,selective_fixed_0.5,0.04
LGBM_linear01,test_selective,0.5,0.518361581920904,0.5149640861931365,0.3054989816700611,0.4684251665107062,0.5319148936170213,0.2142857142857142,0.5149911816578483,0.8156424581005587,0.5463846767757382,0.0374674940019984,0.837989871212265,0.302142603023025,75,66,292,275,0.1991525423728813,0.4943502824858757,0.8428571428571429,708,weight_decay,LGBM,linear_01,all,27.0,selective_fixed_0.5,0.06
LGBM_linear01,test_selective,0.5,0.5197568389057751,0.5126164596273292,0.2651162790697674,0.4542285684287889,0.5277777777777778,0.1770186335403726,0.5181818181818182,0.8482142857142857,0.5441992014196984,0.0340542915625212,0.8484287694453213,0.3058232577436086,57,51,285,265,0.1641337386018237,0.4893617021276595,0.7833333333333333,658,weight_decay,LGBM,linear_01,all,27.0,selective_fixed_0.5,0.08
LGBM_linear01,test_selective,0.5,0.5225806451612903,0.5122423686978619,0.241025641025641,0.446395173453997,0.5280898876404494,0.1561461794019933,0.5216572504708098,0.8683385579937304,0.5426946750122372,0.0349005102089207,0.856187272753319,0.3083795687327261,47,42,277,254,0.1435483870967742,0.4854838709677419,0.7380952380952381,620,weight_decay,LGBM,linear_01,all,27.0,selective_fixed_0.5,0.1
LGBM_linear01,test_selective,0.5,0.5243055555555556,0.5124361898555447,0.2126436781609195,0.435923829130211,0.5362318840579711,0.1326164874551971,0.5226824457593688,0.8922558922558923,0.5462269046498437,0.0382797542003763,0.8664580294423176,0.3117777088732815,37,32,265,242,0.1197916666666666,0.484375,0.6857142857142857,576,weight_decay,LGBM,linear_01,all,27.0,selective_fixed_0.5,0.12
LGBM_linear01,test_selective,0.5,0.533203125,0.5192193109770071,0.2006688963210702,0.4355068619536386,0.5769230769230769,0.1214574898785425,0.5282608695652173,0.9169811320754716,0.5516156137804598,0.0635855797700611,0.8800697625137122,0.315605532474465,30,22,243,217,0.1015625,0.482421875,0.6095238095238096,512,weight_decay,LGBM,linear_01,all,27.0,selective_fixed_0.5,0.15
LGBM_linear01,test_selective,0.5,0.5515587529976019,0.5236313236313237,0.1614349775784753,0.4276896655486484,0.6428571428571429,0.0923076923076923,0.5449871465295629,0.954954954954955,0.5394317394317394,0.0942232369937825,0.8975897748650631,0.3188132692587513,18,10,212,177,0.0671462829736211,0.4676258992805755,0.4964285714285714,417,weight_decay,LGBM,linear_01,all,27.0,selective_fixed_0.5,0.2
LGBM_linear03,val,0.5225,0.5769230769230769,0.5749289772727273,0.6283783783783784,0.5686534749034748,0.5670731707317073,0.7045454545454546,0.59375,0.4453125,0.5648082386363635,0.1552437805819224,0.7338837098000914,0.2639771542002555,93,71,57,39,0.6307692307692307,0.5076923076923077,1.0,260,weight_decay,LGBM,linear_03,all,27.0,val_f1_macro,
LGBM_linear03,test,0.5225,0.5083333333333333,0.5069105875416676,0.2964224872231686,0.4592816919189951,0.514792899408284,0.208133971291866,0.5067064083457526,0.8056872037914692,0.5489126737567745,0.0172379145095642,0.7912621867000537,0.2858227312233202,87,82,340,331,0.2011904761904762,0.4976190476190476,1.0,840,weight_decay,LGBM,linear_03,all,27.0,val_f1_macro,
LGBM_linear03_th05,test,0.5,0.5190476190476191,0.5177895190367128,0.3441558441558441,0.4822282980177717,0.5353535353535354,0.2535885167464115,0.514018691588785,0.7819905213270142,0.5489126737567745,0.0419120071357914,0.7912621867000537,0.2858227312233202,106,92,330,312,0.2357142857142857,0.4976190476190476,1.0,840,weight_decay,LGBM,linear_03,all,27.0,fixed_0.5,
LGBM_linear03,test_selective,0.5,0.5158428390367554,0.5126277231540389,0.3202846975088968,0.4721502227701964,0.5232558139534884,0.2307692307692307,0.513776337115073,0.7944862155388471,0.5494376968061179,0.0305820781338462,0.7978712215006512,0.2882717106553877,90,82,317,300,0.2179974651457541,0.494296577946768,0.9392857142857144,789,weight_decay,LGBM,linear_03,all,27.0,selective_fixed_0.5,0.02
LGBM_linear03,test_selective,0.5,0.5175675675675676,0.5127279635258358,0.3040935672514619,0.4674552634602708,0.5234899328859061,0.2142857142857142,0.5160744500846024,0.8111702127659575,0.5515913607668926,0.0317355958939117,0.8045409974752838,0.2906738718525646,78,71,305,286,0.2013513513513513,0.4918918918918919,0.8809523809523809,740,weight_decay,LGBM,linear_03,all,27.0,selective_fixed_0.5,0.04
LGBM_linear03,test_selective,0.5,0.5230547550432276,0.512156487756205,0.285097192224622,0.4636296771933921,0.515625,0.1970149253731343,0.5247349823321554,0.8272980501392758,0.5450629859061239,0.0313252495939457,0.8107054428282094,0.2927627556017832,66,62,297,269,0.1844380403458213,0.4827089337175792,0.8261904761904761,694,weight_decay,LGBM,linear_03,all,27.0,selective_fixed_0.5,0.06
LGBM_linear03,test_selective,0.5,0.5201863354037267,0.5069072115152393,0.2625298329355608,0.4534743526012672,0.5,0.1779935275080906,0.5243445692883895,0.835820895522388,0.5464618654301309,0.0183386525853076,0.8205275525308905,0.2964281772032784,55,55,280,254,0.170807453416149,0.4798136645962733,0.7666666666666667,644,weight_decay,LGBM,linear_03,all,27.0,selective_fixed_0.5,0.08
LGBM_linear03,test_selective,0.5,0.5231788079470199,0.5047719576021463,0.238095238095238,0.4455536431440046,0.4891304347826087,0.1573426573426573,0.529296875,0.8522012578616353,0.5432005101816424,0.0132615490048654,0.8270981058664776,0.298585560118129,45,47,271,241,0.152317880794702,0.4735099337748344,0.719047619047619,604,weight_decay,LGBM,linear_03,all,27.0,selective_fixed_0.5,0.1
LGBM_linear03,test_selective,0.5,0.525089605734767,0.5121943376082119,0.2363112391930835,0.4458539290893896,0.5256410256410257,0.1524163568773234,0.525,0.8719723183391004,0.5619685880037559,0.0351435275262111,0.8362121383856934,0.3016488950363089,41,37,252,228,0.1397849462365591,0.482078853046595,0.6642857142857143,558,weight_decay,LGBM,linear_03,all,27.0,selective_fixed_0.5,0.12
LGBM_linear03,test_selective,0.5,0.5452674897119342,0.5204508363933088,0.1963636363636363,0.4396452328159645,0.574468085106383,0.1184210526315789,0.5421412300683371,0.9224806201550388,0.5543995648034816,0.0690616829591342,0.8425617356106851,0.3021026752636581,27,20,238,201,0.0967078189300411,0.4691358024691358,0.5785714285714286,486,weight_decay,LGBM,linear_03,all,27.0,selective_fixed_0.5,0.15
LGBM_linear03,test_selective,0.5,0.572538860103627,0.5274634318434693,0.1624365482233502,0.4377400132421098,0.6666666666666666,0.0924855491329479,0.5662983425414365,0.9624413145539906,0.531439116393932,0.1131195708292772,0.8513546278590389,0.3015420712917794,16,8,205,157,0.0621761658031088,0.4481865284974093,0.4595238095238095,386,weight_decay,LGBM,linear_03,all,27.0,selective_fixed_0.5,0.2
LGBM_small_step50_3,val,0.59,0.5538461538461539,0.5542140151515151,0.546875,0.5537405303030303,0.5645161290322581,0.5303030303030303,0.5441176470588235,0.578125,0.5357481060606061,0.1085308544421189,0.7280006036520444,0.2644003517353768,70,54,74,62,0.4769230769230769,0.5076923076923077,1.0,260,weight_decay,LGBM_small,step_50pct_3x,all,27.0,val_f1_macro,
LGBM_small_step50_3,test,0.59,0.5059523809523809,0.5039173223882628,0.1336116910229645,0.3940331560860035,0.5245901639344263,0.0765550239234449,0.5044929396662388,0.9312796208530806,0.5396664323454047,0.0150948927028349,0.732822104156879,0.2673165380666124,32,29,393,386,0.0726190476190476,0.4976190476190476,1.0,840,weight_decay,LGBM_small,step_50pct_3x,all,27.0,val_f1_macro,
LGBM_small_step50_3_th05,test,0.5,0.5238095238095238,0.5225288555296038,0.3464052287581699,0.4859366967760887,0.5463917525773195,0.2535885167464115,0.5170278637770898,0.7914691943127962,0.5396664323454047,0.0534559888991194,0.732822104156879,0.2673165380666124,106,88,334,312,0.2309523809523809,0.4976190476190476,1.0,840,weight_decay,LGBM_small,step_50pct_3x,all,27.0,fixed_0.5,
LGBM_small_step50_3,test_selective,0.5,0.5172872340425532,0.5142756083757781,0.3214953271028037,0.4734411620034142,0.5276073619631901,0.2311827956989247,0.5144312393887945,0.7973684210526316,0.5409663271080928,0.0346446708619491,0.7379083287328859,0.2695646068333626,86,77,303,286,0.2167553191489361,0.4946808510638298,0.8952380952380953,752,weight_decay,LGBM_small,step_50pct_3x,all,27.0,selective_fixed_0.5,0.02
LGBM_small_step50_3,test_selective,0.5,0.5194805194805194,0.5181409295352324,0.3018867924528302,0.4677750793947319,0.5454545454545454,0.208695652173913,0.5133689839572193,0.8275862068965517,0.5489005497251375,0.0461976947925433,0.7417443135765912,0.271242566685855,72,60,288,273,0.1904761904761904,0.4978354978354978,0.825,693,weight_decay,LGBM_small,step_50pct_3x,all,27.0,selective_fixed_0.5,0.04
LGBM_small_step50_3,test_selective,0.5,0.525974025974026,0.5270969714219453,0.2772277227722772,0.4622853589706797,0.5894736842105263,0.1812297734627831,0.5143953934740882,0.8729641693811075,0.5622529331773188,0.0750271608105201,0.7460380400820171,0.2730121907670385,56,39,268,253,0.1542207792207792,0.5016233766233766,0.7333333333333333,616,weight_decay,LGBM_small,step_50pct_3x,all,27.0,selective_fixed_0.5,0.06
LGBM_small_step50_3,test_selective,0.5,0.5147058823529411,0.5051058362074795,0.2095808383233532,0.4297241061643291,0.5072463768115942,0.1320754716981132,0.5157894736842106,0.8781362007168458,0.5510515993778319,0.0153373582817619,0.7560935281087339,0.2775761952067604,35,34,245,230,0.1268382352941176,0.4871323529411764,0.6476190476190476,544,weight_decay,LGBM_small,step_50pct_3x,all,27.0,selective_fixed_0.5,0.08
LGBM_small_step50_3,test_selective,0.5,0.533195020746888,0.5089532632743363,0.1935483870967742,0.4325406169060513,0.5094339622641509,0.1194690265486725,0.5361305361305362,0.8984375,0.5328747234513275,0.0285639965722833,0.7557500278065739,0.2769584833436122,27,26,230,199,0.1099585062240663,0.4688796680497925,0.5738095238095238,482,weight_decay,LGBM_small,step_50pct_3x,all,27.0,selective_fixed_0.5,0.1
LGBM_small_step50_3,test_selective,0.5,0.5232558139534884,0.5018436578171092,0.1422594142259414,0.4060733464044361,0.4857142857142857,0.0833333333333333,0.5265822784810127,0.9203539823008848,0.5501041124414368,0.0067335958747531,0.766454950376299,0.2817736877108614,17,18,208,187,0.0813953488372093,0.4744186046511628,0.5119047619047619,430,weight_decay,LGBM_small,step_50pct_3x,all,27.0,selective_fixed_0.5,0.12
LGBM_small_step50_3,test_selective,0.5,0.5406976744186046,0.5133631800298467,0.0813953488372093,0.3875968992248062,0.7,0.0432098765432098,0.5359281437125748,0.9835164835164836,0.5662053995387328,0.0794071817726669,0.7690041008172042,0.2820836954394106,7,3,179,155,0.0290697674418604,0.4709302325581395,0.4095238095238095,344,weight_decay,LGBM_small,step_50pct_3x,all,27.0,selective_fixed_0.5,0.15
LGBM_small_step50_3,test_selective,0.5,0.5652173913043478,0.5023076923076923,0.0384615384615384,0.378781331028522,0.5,0.02,0.5663716814159292,0.9846153846153848,0.5396153846153846,0.0175023094848733,0.7690955127976382,0.2804655782826659,2,2,128,98,0.017391304347826,0.4347826086956521,0.2738095238095238,230,weight_decay,LGBM_small,step_50pct_3x,all,27.0,selective_fixed_0.5,0.2
ENS_FINAL3,val,0.6549999999999999,0.573076923076923,0.5745738636363636,0.5316455696202531,0.5697097106051796,0.6,0.4772727272727273,0.5548387096774193,0.671875,0.5784801136363635,0.1519665806755838,0.7438488355676224,0.2663784449577631,63,42,86,69,0.4038461538461538,0.5076923076923077,1.0,260,ensemble,average_proba_ensemble,"LGBM_exp100,GBM_exp100,XGB_linear03",from_members,,val_f1_macro,
ENS_FINAL3,test,0.6549999999999999,0.4952380952380952,0.4934692396652985,0.1939163498098859,0.4132493360834525,0.4722222222222222,0.1220095693779904,0.4986338797814207,0.8649289099526066,0.535119843987392,-0.0195106029139641,0.7423714942038231,0.2697286316457692,51,57,365,367,0.1285714285714285,0.4976190476190476,1.0,840,ensemble,average_proba_ensemble,"LGBM_exp100,GBM_exp100,XGB_linear03",from_members,,val_f1_macro,
ENS_FINAL3_th05,test,0.5,0.5476190476190477,0.5470418830358965,0.483695652173913,0.5405766396462786,0.559748427672956,0.4258373205741627,0.5402298850574713,0.6682464454976303,0.535119843987392,0.0969862680340989,0.7423714942038231,0.2697286316457692,178,140,282,240,0.3785714285714285,0.4976190476190476,1.0,840,ensemble,average_proba_ensemble,"LGBM_exp100,GBM_exp100,XGB_linear03",from_members,,fixed_0.5,
ENS_FINAL3,test_selective,0.5,0.5447470817120622,0.5427850316327905,0.4673748103186646,0.5349331582737151,0.5519713261648745,0.4052631578947368,0.540650406504065,0.680306905370844,0.5306636155606408,0.0890261058580508,0.7469722767913775,0.2715919597902091,154,125,266,226,0.3618677042801556,0.4928664072632944,0.9178571428571428,771,ensemble,average_proba_ensemble,"LGBM_exp100,GBM_exp100,XGB_linear03",from_members,,selective_fixed_0.5,0.02
ENS_FINAL3,test_selective,0.5,0.542203147353362,0.5419893573475235,0.4612794612794613,0.5316347555153526,0.5591836734693878,0.3925501432664756,0.5330396475770925,0.6914285714285714,0.5318297175603766,0.0880045224201125,0.7533220340878917,0.2742181354266647,137,108,242,212,0.3505007153075822,0.4992846924177396,0.8321428571428572,699,ensemble,average_proba_ensemble,"LGBM_exp100,GBM_exp100,XGB_linear03",from_members,,selective_fixed_0.5,0.04
ENS_FINAL3,test_selective,0.5,0.5416012558869702,0.5408960962145111,0.4592592592592592,0.5307195478857605,0.5560538116591929,0.3911671924290221,0.533816425120773,0.690625,0.528401025236593,0.0857361283260956,0.7597109304068552,0.2768406586857687,124,99,221,193,0.3500784929356358,0.4976452119309262,0.7583333333333333,637,ensemble,average_proba_ensemble,"LGBM_exp100,GBM_exp100,XGB_linear03",from_members,,selective_fixed_0.5,0.06
ENS_FINAL3,test_selective,0.5,0.5434027777777778,0.5372239595281504,0.4416135881104034,0.527708409326861,0.5360824742268041,0.3754512635379061,0.5471204188481675,0.6989966555183946,0.5149415017567585,0.0787037626095191,0.7663169047909837,0.2794656096821246,104,90,209,173,0.3368055555555556,0.4809027777777778,0.6857142857142857,576,ensemble,average_proba_ensemble,"LGBM_exp100,GBM_exp100,XGB_linear03",from_members,,selective_fixed_0.5,0.08
ENS_FINAL3,test_selective,0.5,0.5403846153846154,0.5325545540796963,0.4295942720763723,0.5223655740414067,0.5263157894736842,0.3629032258064516,0.5472779369627507,0.7022058823529411,0.5075604838709677,0.0692215421267296,0.7751018876309611,0.2830929427135907,90,81,191,158,0.3288461538461538,0.4769230769230769,0.6190476190476191,520,ensemble,average_proba_ensemble,"LGBM_exp100,GBM_exp100,XGB_linear03",from_members,,selective_fixed_0.5,0.1
ENS_FINAL3,test_selective,0.5,0.5309734513274337,0.5258228840125392,0.4078212290502793,0.5097714203859456,0.5289855072463768,0.3318181818181818,0.5318471337579618,0.7198275862068966,0.5102664576802508,0.0560513020871321,0.7902410399536359,0.2894746512817476,73,65,167,147,0.3053097345132743,0.4867256637168141,0.5380952380952381,452,ensemble,average_proba_ensemble,"LGBM_exp100,GBM_exp100,XGB_linear03",from_members,,selective_fixed_0.5,0.12
ENS_FINAL3,test_selective,0.5,0.5128205128205128,0.5028817974601107,0.3826714801444043,0.4901592694839669,0.4774774774774775,0.3192771084337349,0.5291666666666667,0.6864864864864865,0.4952784109410615,0.0061882271644153,0.822199210423632,0.3028604715565341,53,58,127,113,0.3162393162393162,0.4729344729344729,0.4178571428571428,351,ensemble,average_proba_ensemble,"LGBM_exp100,GBM_exp100,XGB_linear03",from_members,,selective_fixed_0.5,0.15
ENS_FINAL3,test_selective,0.5,0.5046296296296297,0.4984555984555984,0.3515151515151515,0.4753830439223697,0.4833333333333333,0.2761904761904762,0.5128205128205128,0.7207207207207207,0.5086229086229086,-0.0034467393112929,0.8728423593948583,0.3220159281255956,29,31,80,76,0.2777777777777778,0.4861111111111111,0.2571428571428571,216,ensemble,average_proba_ensemble,"LGBM_exp100,GBM_exp100,XGB_linear03",from_members,,selective_fixed_0.5,0.2
ENS_XGB_LGBM_STEP,val,0.5774999999999999,0.573076923076923,0.572561553030303,0.5904059040590406,0.5723113857644601,0.5755395683453237,0.6060606060606061,0.5702479338842975,0.5390625,0.5703125,0.1454549247993349,0.7430878633280991,0.2664226858123917,80,59,69,52,0.5346153846153846,0.5076923076923077,1.0,260,ensemble,average_proba_ensemble,"XGB_step50_3,LGBM_step50_3",from_members,,val_f1_macro,
ENS_XGB_LGBM_STEP,test,0.5774999999999999,0.5154761904761904,0.5136907866391528,0.2217973231357552,0.4350127497269096,0.5523809523809524,0.138755980861244,0.5102040816326531,0.8886255924170616,0.5530851039706116,0.0413965783002507,0.8017387048220312,0.2892864477563056,58,47,375,360,0.125,0.4976190476190476,1.0,840,ensemble,average_proba_ensemble,"XGB_step50_3,LGBM_step50_3",from_members,,val_f1_macro,
ENS_XGB_LGBM_STEP_th05,test,0.5,0.5202380952380953,0.5190197056622599,0.3531300160513643,0.4859311385838657,0.5365853658536586,0.2631578947368421,0.5149606299212598,0.7748815165876777,0.5530851039706116,0.0442806880639188,0.8017387048220312,0.2892864477563056,110,95,327,308,0.244047619047619,0.4976190476190476,1.0,840,ensemble,average_proba_ensemble,"XGB_step50_3,LGBM_step50_3",from_members,,fixed_0.5,
ENS_XGB_LGBM_STEP,test_selective,0.5,0.5283505154639175,0.5239721476599251,0.3345454545454545,0.4846379967338051,0.5476190476190477,0.2408376963350785,0.5230263157894737,0.8071065989847716,0.5520437451829803,0.0581983003724015,0.8105542640772629,0.2924563624448224,92,76,318,290,0.2164948453608247,0.4922680412371134,0.923809523809524,776,ensemble,average_proba_ensemble,"XGB_step50_3,LGBM_step50_3",from_members,,selective_fixed_0.5,0.02
ENS_XGB_LGBM_STEP,test_selective,0.5,0.5300546448087432,0.5267731820218008,0.3228346456692913,0.4815010048430138,0.5616438356164384,0.2265193370165746,0.5221843003412969,0.827027027027027,0.5581454382559355,0.0669977005955385,0.8175077083664543,0.2949565934045208,82,64,306,280,0.1994535519125683,0.494535519125683,0.8714285714285714,732,ensemble,average_proba_ensemble,"XGB_step50_3,LGBM_step50_3",from_members,,selective_fixed_0.5,0.04
ENS_XGB_LGBM_STEP,test_selective,0.5,0.537117903930131,0.5292656037991859,0.308695652173913,0.4803872133954904,0.568,0.2119402985074626,0.5302491103202847,0.8465909090909091,0.5530189959294437,0.0758329682427894,0.8243165120792271,0.2972352856809556,71,54,298,264,0.1819505094614265,0.487627365356623,0.8178571428571428,687,ensemble,average_proba_ensemble,"XGB_step50_3,LGBM_step50_3",from_members,,selective_fixed_0.5,0.06
ENS_XGB_LGBM_STEP,test_selective,0.5,0.5272161741835147,0.5182447477974634,0.2692307692307692,0.4599027409372237,0.5436893203883495,0.1789137380191693,0.524074074074074,0.8575757575757575,0.5556297802304192,0.0497257688098826,0.8363277141197234,0.3019751266624893,56,47,283,257,0.1601866251944012,0.4867807153965785,0.7654761904761904,643,ensemble,average_proba_ensemble,"XGB_step50_3,LGBM_step50_3",from_members,,selective_fixed_0.5,0.08
ENS_XGB_LGBM_STEP,test_selective,0.5,0.5266666666666666,0.5122863247863247,0.2365591397849462,0.4467819853514103,0.5238095238095238,0.1527777777777778,0.5271317829457365,0.8717948717948718,0.551170762108262,0.0353802611588701,0.8464677482469123,0.3056414946753458,44,40,272,244,0.14,0.48,0.7142857142857143,600,ensemble,average_proba_ensemble,"XGB_step50_3,LGBM_step50_3",from_members,,selective_fixed_0.5,0.1
ENS_XGB_LGBM_STEP,test_selective,0.5,0.5259391771019678,0.5157498975199836,0.2182890855457227,0.4390546839795365,0.5522388059701493,0.1360294117647058,0.5223577235772358,0.8954703832752613,0.5672268907563025,0.0484744818583498,0.8571234896172608,0.3094395173487498,37,30,257,235,0.1198568872987477,0.4865831842576029,0.6654761904761904,559,ensemble,average_proba_ensemble,"XGB_step50_3,LGBM_step50_3",from_members,,selective_fixed_0.5,0.12
ENS_XGB_LGBM_STEP,test_selective,0.5,0.5270541082164328,0.5094866430640489,0.1571428571428571,0.4142260246717071,0.5365853658536586,0.0920502092050209,0.5262008733624454,0.926923076923077,0.5673318313485677,0.034514653142605,0.8733982729343063,0.3149381482014647,22,19,241,217,0.0821643286573146,0.4789579158316633,0.594047619047619,499,ensemble,average_proba_ensemble,"XGB_step50_3,LGBM_step50_3",from_members,,selective_fixed_0.5,0.15
ENS_XGB_LGBM_STEP,test_selective,0.5,0.5588235294117647,0.5089200963808503,0.1176470588235294,0.411764705882353,0.5217391304347826,0.0662983425414364,0.561038961038961,0.9515418502202644,0.5228417747706088,0.0384288577547822,0.8790196343919457,0.3130801726963776,12,11,216,169,0.0563725490196078,0.4436274509803921,0.4857142857142857,408,ensemble,average_proba_ensemble,"XGB_step50_3,LGBM_step50_3",from_members,,selective_fixed_0.5,0.2
ENS_TOP3_VAL,val,0.565,0.6076923076923076,0.6099668560606061,0.5446428571428571,0.6000241312741312,0.6630434782608695,0.4621212121212121,0.5773809523809523,0.7578125,0.6043442234848484,0.2299509458899545,0.6845308392982706,0.2449251300539561,61,31,97,71,0.3538461538461538,0.5076923076923077,1.0,260,ensemble,average_proba_ensemble,"BASE_LGBM,FS_LGBM,BASE_GBM",from_members,,val_f1_macro,
ENS_TOP3_VAL,test,0.565,0.5214285714285715,0.5195582666273612,0.2086614173228346,0.4328290021767756,0.5888888888888889,0.1267942583732057,0.5133333333333333,0.9123222748815166,0.5416562733848841,0.0632343178576884,0.7685171580348711,0.2797613901436917,53,37,385,365,0.1071428571428571,0.4976190476190476,1.0,840,ensemble,average_proba_ensemble,"BASE_LGBM,FS_LGBM,BASE_GBM",from_members,,val_f1_macro,
ENS_TOP3_VAL_th05,test,0.5,0.5214285714285715,0.5201138347808341,0.3366336633663366,0.4811659936943415,0.5425531914893617,0.2440191387559808,0.5153374233128835,0.7962085308056872,0.5416562733848841,0.048257688744764,0.7685171580348711,0.2797613901436917,102,86,336,316,0.2238095238095238,0.4976190476190476,1.0,840,ensemble,average_proba_ensemble,"BASE_LGBM,FS_LGBM,BASE_GBM",from_members,,fixed_0.5,
ENS_TOP3_VAL,test_selective,0.5,0.5300896286811779,0.5289367032159907,0.326605504587156,0.482870107259163,0.5705128205128205,0.2287917737789203,0.52,0.8290816326530612,0.5447969676302398,0.0723759991215558,0.7739353689008354,0.2818719674331559,89,67,325,300,0.1997439180537772,0.4980793854033291,0.9297619047619048,781,ensemble,average_proba_ensemble,"BASE_LGBM,FS_LGBM,BASE_GBM",from_members,,selective_fixed_0.5,0.02
ENS_TOP3_VAL,test_selective,0.5,0.5272727272727272,0.5268179897657387,0.2987551867219917,0.471107551166903,0.576,0.2016806722689075,0.5169491525423728,0.8519553072625698,0.5500524232039185,0.0706074984915262,0.7817529826628001,0.2849940915514168,72,53,305,285,0.1748251748251748,0.4993006993006993,0.8511904761904762,715,ensemble,average_proba_ensemble,"BASE_LGBM,FS_LGBM,BASE_GBM",from_members,,selective_fixed_0.5,0.04
ENS_TOP3_VAL,test_selective,0.5,0.5255023183925811,0.5238365981844243,0.2566585956416465,0.4540954726221853,0.5824175824175825,0.1645962732919254,0.5161870503597122,0.8830769230769231,0.5530625895843286,0.0685623659252666,0.7914717172143361,0.2888748687180298,53,38,287,269,0.1406491499227202,0.4976816074188562,0.7702380952380953,647,ensemble,average_proba_ensemble,"BASE_LGBM,FS_LGBM,BASE_GBM",from_members,,selective_fixed_0.5,0.06
ENS_TOP3_VAL,test_selective,0.5,0.5226130653266332,0.5167710648615882,0.2105263157894736,0.4341947305237884,0.5671641791044776,0.1292517006802721,0.5169811320754717,0.9042904290429042,0.550122359174693,0.0531263865060941,0.800413000903199,0.2924821887521069,38,29,274,256,0.1122278056951423,0.4924623115577889,0.7107142857142857,597,ensemble,average_proba_ensemble,"BASE_LGBM,FS_LGBM,BASE_GBM",from_members,,selective_fixed_0.5,0.08
ENS_TOP3_VAL,test_selective,0.5,0.5237226277372263,0.5178390620836664,0.1919504643962848,0.4271524637634723,0.5849056603773585,0.1148148148148148,0.5171717171717172,0.920863309352518,0.5565947242206235,0.0603483997374547,0.8088716665338652,0.2957248293773214,31,22,256,239,0.0967153284671532,0.4927007299270073,0.6523809523809524,548,ensemble,average_proba_ensemble,"BASE_LGBM,FS_LGBM,BASE_GBM",from_members,,selective_fixed_0.5,0.1
ENS_TOP3_VAL,test_selective,0.5,0.5266272189349113,0.5123227917121047,0.1489361702127659,0.4105336588768747,0.5675675675675675,0.0857142857142857,0.5234042553191489,0.9389312977099236,0.5467985667549462,0.0473503289345171,0.8156771143991727,0.2981770017499044,21,16,246,224,0.0729783037475345,0.4832347140039448,0.6035714285714285,507,ensemble,average_proba_ensemble,"BASE_LGBM,FS_LGBM,BASE_GBM",from_members,,selective_fixed_0.5,0.12
ENS_TOP3_VAL,test_selective,0.5,0.5374149659863946,0.5177622089429219,0.1130434782608695,0.4000800213390237,0.6842105263157895,0.0616113744075829,0.5308056872037915,0.9739130434782608,0.5476818462806512,0.0873975161048723,0.8243676841047322,0.3007239407234544,13,6,224,198,0.0430839002267573,0.4784580498866213,0.525,441,ensemble,average_proba_ensemble,"BASE_LGBM,FS_LGBM,BASE_GBM",from_members,,selective_fixed_0.5,0.15
ENS_TOP3_VAL,test_selective,0.5,0.5420289855072464,0.5185790324754076,0.0813953488372093,0.3881880219089522,0.875,0.0426829268292682,0.5341246290801187,0.994475138121547,0.5579773615415713,0.1232975244696228,0.8472306604078575,0.3084924643355776,7,1,180,157,0.0231884057971014,0.4753623188405797,0.4107142857142857,345,ensemble,average_proba_ensemble,"BASE_LGBM,FS_LGBM,BASE_GBM",from_members,,selective_fixed_0.5,0.2
ENS_TOP5_VAL,val,0.5499999999999999,0.6038461538461538,0.6055871212121212,0.5579399141630901,0.5995274483707436,0.6435643564356436,0.4924242424242424,0.5786163522012578,0.71875,0.6075994318181819,0.2166075779553406,0.6808547582217387,0.2435991329404339,65,36,92,67,0.3884615384615384,0.5076923076923077,1.0,260,ensemble,average_proba_ensemble,"BASE_LGBM,FS_LGBM,BASE_GBM,FS_LGBM_small,BASE_SVM_RBF",from_members,,val_f1_macro,
ENS_TOP5_VAL,test,0.5499999999999999,0.5238095238095238,0.5219506111249689,0.2156862745098039,0.436902966314731,0.5978260869565217,0.131578947368421,0.5147058823529411,0.9123222748815166,0.5395473820268033,0.0702872036353552,0.7308019628949591,0.2664330395817353,55,37,385,363,0.1095238095238095,0.4976190476190476,1.0,840,ensemble,average_proba_ensemble,"BASE_LGBM,FS_LGBM,BASE_GBM,FS_LGBM_small,BASE_SVM_RBF",from_members,,val_f1_macro,
ENS_TOP5_VAL_th05,test,0.5,0.5178571428571429,0.5165366561600037,0.3305785123966942,0.4769171631750913,0.5347593582887701,0.2392344497607655,0.5130168453292496,0.7938388625592417,0.5395473820268033,0.0397506893490292,0.7308019628949591,0.2664330395817353,100,87,335,318,0.2226190476190476,0.4976190476190476,1.0,840,ensemble,average_proba_ensemble,"BASE_LGBM,FS_LGBM,BASE_GBM,FS_LGBM_small,BASE_SVM_RBF",from_members,,fixed_0.5,
ENS_TOP5_VAL,test_selective,0.5,0.5229357798165137,0.5209570140721196,0.3132075471698113,0.4738728498901265,0.5496688741721855,0.2189973614775725,0.5163398692810458,0.8229166666666666,0.5423743953386104,0.0525993567533349,0.7346169749347465,0.2680989105499066,83,68,316,296,0.1979030144167758,0.4967234600262123,0.9083333333333332,763,ensemble,average_proba_ensemble,"BASE_LGBM,FS_LGBM,BASE_GBM,FS_LGBM_small,BASE_SVM_RBF",from_members,,selective_fixed_0.5,0.02
ENS_TOP5_VAL,test_selective,0.5,0.5297619047619048,0.5266948364293497,0.2785388127853881,0.464876470410354,0.580952380952381,0.1831831831831832,0.5202821869488536,0.8702064896755162,0.5457138554483687,0.0735178921232015,0.7396401065162257,0.2702539131852376,61,44,295,272,0.15625,0.4955357142857143,0.8,672,ensemble,average_proba_ensemble,"BASE_LGBM,FS_LGBM,BASE_GBM,FS_LGBM_small,BASE_SVM_RBF",from_members,,selective_fixed_0.5,0.04
ENS_TOP5_VAL,test_selective,0.5,0.5297029702970297,0.5297029702970297,0.2519685039370078,0.4545041075641718,0.6153846153846154,0.1584158415841584,0.5170454545454546,0.900990099009901,0.5573527649794683,0.0886968593983623,0.7446409255110105,0.2724296238025481,48,30,273,255,0.1287128712871287,0.5,0.7214285714285714,606,ensemble,average_proba_ensemble,"BASE_LGBM,FS_LGBM,BASE_GBM,FS_LGBM_small,BASE_SVM_RBF",from_members,,selective_fixed_0.5,0.06
ENS_TOP5_VAL,test_selective,0.5,0.5209471766848816,0.5158286654808995,0.1907692307692307,0.4252681858891432,0.5740740740740741,0.1143911439114391,0.5151515151515151,0.9172661870503596,0.5543948604953677,0.0531473800706675,0.7520925907000148,0.2758069499675896,31,23,255,240,0.0983606557377049,0.4936247723132969,0.6535714285714286,549,ensemble,average_proba_ensemble,"BASE_LGBM,FS_LGBM,BASE_GBM,FS_LGBM_small,BASE_SVM_RBF",from_members,,selective_fixed_0.5,0.08
ENS_TOP5_VAL,test_selective,0.5,0.525879917184265,0.5126145608073319,0.1486988847583643,0.4100739760951076,0.5714285714285714,0.0854700854700854,0.5223214285714286,0.9397590361445785,0.5478666803968009,0.0486336318957851,0.7572904001273705,0.2779250836721589,20,15,234,214,0.072463768115942,0.484472049689441,0.575,483,ensemble,average_proba_ensemble,"BASE_LGBM,FS_LGBM,BASE_GBM,FS_LGBM_small,BASE_SVM_RBF",from_members,,selective_fixed_0.5,0.1
ENS_TOP5_VAL,test_selective,0.5,0.5306603773584906,0.5071838118822926,0.0995475113122171,0.3910815706481341,0.55,0.0547263681592039,0.5297029702970297,0.9596412556053812,0.5384289315753072,0.0338399510955265,0.7620811479084428,0.2797944629468381,11,9,214,190,0.0471698113207547,0.4740566037735849,0.5047619047619047,424,ensemble,average_proba_ensemble,"BASE_LGBM,FS_LGBM,BASE_GBM,FS_LGBM_small,BASE_SVM_RBF",from_members,,selective_fixed_0.5,0.12
ENS_TOP5_VAL,test_selective,0.5,0.5444126074498568,0.5213641451050102,0.0914285714285714,0.3937066375307293,0.8888888888888888,0.0481927710843373,0.5352941176470588,0.994535519125683,0.5555665284087169,0.1346276888512425,0.7644875829826131,0.2802072021978771,8,1,182,158,0.0257879656160458,0.4756446991404011,0.4154761904761905,349,ensemble,average_proba_ensemble,"BASE_LGBM,FS_LGBM,BASE_GBM,FS_LGBM_small,BASE_SVM_RBF",from_members,,selective_fixed_0.5,0.15
ENS_TOP5_VAL,test_selective,0.5,0.5575221238938053,0.5098039215686274,0.0384615384615384,0.375552608311229,1.0,0.0196078431372549,0.5535714285714286,1.0,0.51747311827957,0.1041841721985382,0.7768578719622701,0.2843160210879731,2,0,124,100,0.0088495575221238,0.4513274336283185,0.269047619047619,226,ensemble,average_proba_ensemble,"BASE_LGBM,FS_LGBM,BASE_GBM,FS_LGBM_small,BASE_SVM_RBF",from_members,,selective_fixed_0.5,0.2
